{"cameraMode":{"drawMode":0,"name":"Shaded","section":"Shading Mode"},"sceneLighting":false,"audioPlay":false,"sceneViewState":{"m_AlwaysRefresh":false,"showFog":true,"showSkybox":false,"showFlares":true,"showImageEffects":true,"showParticleSystems":true,"showVisualEffectGraphs":true,"m_FxEnabled":true},"in2DMode":false,"pivot":{"x":-0.021496295928955079,"y":-0.11017394065856934,"z":-0.26853376626968386},"rotation":{"x":0.06840582937002182,"y":0.8313842415809631,"z":0.10505124181509018,"w":-0.5413745641708374},"size":0.4435027837753296,"orthographic":false}