{"cameraMode":{"drawMode":0,"name":"Shaded","section":"Shading Mode"},"sceneLighting":false,"audioPlay":false,"sceneViewState":{"m_AlwaysRefresh":false,"showFog":true,"showSkybox":true,"showFlares":true,"showImageEffects":true,"showParticleSystems":true,"showVisualEffectGraphs":true,"m_FxEnabled":true},"in2DMode":false,"pivot":{"x":-3.260652542114258,"y":-6.110589981079102,"z":-12.947962760925293},"rotation":{"x":0.006961321923881769,"y":-0.9442273378372192,"z":0.329120397567749,"w":0.018606850877404214},"size":10.508316993713379,"orthographic":false}