{"cameraMode":{"drawMode":0,"name":"Shaded","section":"Shading Mode"},"sceneLighting":false,"audioPlay":false,"sceneViewState":{"m_AlwaysRefresh":false,"showFog":true,"showSkybox":true,"showFlares":true,"showImageEffects":true,"showParticleSystems":true,"showVisualEffectGraphs":true,"m_FxEnabled":true},"in2DMode":false,"pivot":{"x":35.57334518432617,"y":19.940828323364259,"z":8.497110366821289},"rotation":{"x":0.32023969292640688,"y":0.5307639241218567,"z":-0.22623957693576814,"w":0.7513923048973084},"size":3.0144450664520265,"orthographic":false}