{"cameraMode":{"drawMode":0,"name":"Shaded","section":"Shading Mode"},"sceneLighting":false,"audioPlay":false,"sceneViewState":{"m_AlwaysRefresh":false,"showFog":true,"showSkybox":true,"showFlares":true,"showImageEffects":true,"showParticleSystems":true,"showVisualEffectGraphs":true,"m_FxEnabled":true},"in2DMode":false,"pivot":{"x":6.582968235015869,"y":-1.9165678024291993,"z":16.288715362548829},"rotation":{"x":0.3196653425693512,"y":0.02585875615477562,"z":-0.008729985915124417,"w":0.947144091129303},"size":15.439803123474121,"orthographic":false}