{"cameraMode":{"drawMode":0,"name":"Shaded","section":"Shading Mode"},"sceneLighting":false,"audioPlay":false,"sceneViewState":{"m_AlwaysRefresh":false,"showFog":true,"showSkybox":true,"showFlares":true,"showImageEffects":true,"showParticleSystems":true,"showVisualEffectGraphs":true,"m_FxEnabled":true},"in2DMode":false,"pivot":{"x":-0.023999452590942384,"y":7.679999828338623,"z":-1.1199984550476075},"rotation":{"x":0.0008669898379594088,"y":0.9988454580307007,"z":-0.04378717392683029,"w":0.01978055201470852},"size":15.62270736694336,"orthographic":false}