{"cameraMode":{"drawMode":0,"name":"Shaded","section":"Shading Mode"},"sceneLighting":false,"audioPlay":false,"sceneViewState":{"m_AlwaysRefresh":false,"showFog":true,"showSkybox":true,"showFlares":true,"showImageEffects":true,"showParticleSystems":true,"showVisualEffectGraphs":true,"m_FxEnabled":true},"in2DMode":false,"pivot":{"x":7.747658729553223,"y":5.696528434753418,"z":17.303056716918947},"rotation":{"x":-0.00692126015201211,"y":-0.38516494631767275,"z":-0.0028887921944260599,"w":0.9228175282478333},"size":1.5978906154632569,"orthographic":false}