{"cameraMode":{"drawMode":0,"name":"Shaded","section":"Shading Mode"},"sceneLighting":false,"audioPlay":false,"sceneViewState":{"m_AlwaysRefresh":false,"showFog":true,"showSkybox":true,"showFlares":true,"showImageEffects":true,"showParticleSystems":true,"showVisualEffectGraphs":true,"m_FxEnabled":true},"in2DMode":false,"pivot":{"x":-1.5048847198486329,"y":5.791644096374512,"z":17.382837295532228},"rotation":{"x":0.03203524276614189,"y":-0.06415142118930817,"z":-0.0020121366251260044,"w":-0.9974675178527832},"size":1.2297030687332154,"orthographic":false}