{"cameraMode":{"drawMode":0,"name":"Shaded","section":"Shading Mode"},"sceneLighting":false,"audioPlay":false,"sceneViewState":{"m_AlwaysRefresh":false,"showFog":true,"showSkybox":true,"showFlares":true,"showImageEffects":true,"showParticleSystems":true,"showVisualEffectGraphs":true,"m_FxEnabled":true},"in2DMode":false,"pivot":{"x":-0.8210415840148926,"y":7.41279935836792,"z":12.918679237365723},"rotation":{"x":-0.012738564983010292,"y":-0.9140987992286682,"z":-0.028803683817386628,"w":0.40426868200302126},"size":3.854280471801758,"orthographic":false}